"Year","Total_Trips","Avg_Duration"
2014,6875,1161.84625454545
2015,7342,1202.15499863797
